{"cameraMode":{"drawMode":0,"name":"Shaded","section":"Shading Mode"},"sceneLighting":true,"audioPlay":false,"sceneViewState":{"m_AlwaysRefresh":false,"showFog":true,"showSkybox":true,"showFlares":true,"showImageEffects":true,"showParticleSystems":true,"showVisualEffectGraphs":true,"m_FxEnabled":true},"in2DMode":false,"pivot":{"x":-0.6687726974487305,"y":-1.5364761352539063,"z":-2.6886234283447267},"rotation":{"x":-0.002442276105284691,"y":0.8131160736083984,"z":-0.5821019411087036,"w":-0.003417183179408312},"size":9.661249160766602,"orthographic":false}