{"cameraMode":{"drawMode":0,"name":"Shaded","section":"Shading Mode"},"sceneLighting":true,"audioPlay":false,"sceneViewState":{"m_AlwaysRefresh":false,"showFog":true,"showSkybox":true,"showFlares":true,"showImageEffects":true,"showParticleSystems":true,"showVisualEffectGraphs":true,"m_FxEnabled":true},"in2DMode":false,"pivot":{"x":-0.1441413313150406,"y":0.022216796875,"z":-1.9911184310913087},"rotation":{"x":0.46867096424102785,"y":0.009272696450352669,"z":-0.004917554557323456,"w":0.8833200931549072},"size":3.5794155597686769,"orthographic":false}