{"cameraMode":{"drawMode":0,"name":"Shaded","section":"Shading Mode"},"sceneLighting":true,"audioPlay":false,"sceneViewState":{"m_AlwaysRefresh":false,"showFog":true,"showSkybox":true,"showFlares":true,"showImageEffects":true,"showParticleSystems":true,"showVisualEffectGraphs":true,"m_FxEnabled":true},"in2DMode":false,"pivot":{"x":3.3536903858184816,"y":2.183725357055664,"z":-3.3611888885498049},"rotation":{"x":-0.3763086795806885,"y":-0.0050084562972188,"z":0.002029660390689969,"w":-0.9264899492263794},"size":12.322504043579102,"orthographic":false}